{
  "Gils": 9000,
  "Inventory": [
    {
      "ItemTypeName": "EquipmentItem",
      "ItemId": "equipment_item_0000",
      "Quantity": 1
    },
    {
      "ItemTypeName": "EquipmentItem",
      "ItemId": "equipment_item_0001",
      "Quantity": 1
    },
    {
      "ItemTypeName": "CommonItem",
      "ItemId": "common_item_0000",
      "Quantity": 2
    }
  ],
  "Heroes": [
    {
      "Id": "hero_0000",
      "Type": "HERO",
      "Name": "Ren",
      "Description": "Description de Ren...",
      "PictureFile": "assets/models/hero_0000/picture.png",
      "SpriteFile": "assets/models/hero_0000/sprite.json",
      "Attributes": {
        "LV": 1,
        "LV_MAX": 99,
        "XP": 30,
        "XP_MAX": 99,
        "HP": 30,
        "HP_MAX": 100,
        "MP": 50,
        "MP_MAX": 50,
        "ATK": 10,
        "DEF": 10,
        "MAGIC_ATK": 10,
        "MAGIC_DEF": 10,
        "AGILITY": 2,
        "ELEMENT": "WHITE"
      },
      "AttackEffectIds": [
        "effect_0000",
        "effect_0000"
      ],
      "MagicEffectIds": [
        "effect_0000",
        "effect_0000",
        "effect_0000"
      ],
      "WeaponId": null,
      "HelmetId": null,
      "ArmorId": null,
      "RelicId": null,
      "AllowedEquipmentItemSubTypes": [
        "WEAPON_DAGGER"
      ]
    },
    {
      "Id": "hero_0001",
      "Type": "HERO",
      "Name": "Yuri",
      "Description": "Description de Yuri...",
      "PictureFile": "assets/models/hero_0001/picture.png",
      "SpriteFile": "assets/models/hero_0001/sprite.json",
      "Attributes": {
        "LV": 1,
        "LV_MAX": 99,
        "XP": 30,
        "XP_MAX": 99,
        "HP": 10,
        "HP_MAX": 100,
        "MP": 50,
        "MP_MAX": 50,
        "ATK": 10,
        "DEF": 10,
        "MAGIC_ATK": 10,
        "MAGIC_DEF": 10,
        "AGILITY": 33,
        "ELEMENT": "WHITE"
      },
      "AttackEffectIds": [
        "effect_0000",
        "effect_0000"
      ],
      "MagicEffectIds": [
        "effect_0000",
        "effect_0000",
        "effect_0000"
      ],
      "WeaponId": null,
      "HelmetId": null,
      "ArmorId": null,
      "RelicId": null,
      "AllowedEquipmentItemSubTypes": [
        "WEAPON_DAGGER"
      ]
    }
  ]
}